Task name,List,Description content,Status,Priority,Time Estimate,Tags,Subtasks,Due date,Start date,Task Type
"[S1-001] Move JWT tokens from localStorage to httpOnly cookies",Sprint 1 - Security Hardening,"CRITICAL SECURITY FIX: Migrate authentication tokens from localStorage (XSS vulnerable) to httpOnly secure cookies. This prevents JavaScript access to tokens, eliminating XSS token theft attacks. CVSS 8.1 vulnerability.",To Do,Urgent,8h,"security,authentication,P0,refactor","Create cookie utility functions,Update auth service token storage,Update login handler to set cookies,Update logout to clear cookies,Update middleware to read from cookies,Update frontend to remove localStorage usage,Add SameSite and Secure flags,Test cross-origin scenarios",2026-01-17,2026-01-13,Task
"[S1-002] Implement CSRF protection middleware",Sprint 1 - Security Hardening,"Add Cross-Site Request Forgery protection using double-submit cookie pattern or synchronizer tokens. All state-changing requests (POST/PUT/DELETE) must validate CSRF tokens.",To Do,Urgent,6h,"security,middleware,P0","Generate CSRF token on login,Add CSRF middleware to router,Create token validation logic,Update frontend to include CSRF header,Add CSRF token refresh mechanism,Test CSRF protection scenarios",2026-01-17,2026-01-13,Task
"[S1-003] Add Content Security Policy headers",Sprint 1 - Security Hardening,"Implement strict CSP headers to prevent XSS, clickjacking, and code injection attacks. Configure script-src, style-src, img-src, connect-src directives.",To Do,High,4h,"security,headers,P0","Define CSP policy rules,Add CSP middleware,Configure nonce for inline scripts,Update Next.js config for CSP,Test CSP violations reporting",2026-01-17,2026-01-13,Task
"[S1-004] Implement rate limiting for authentication endpoints",Sprint 1 - Security Hardening,"Add rate limiting to prevent brute force attacks on login, password reset, and registration endpoints. Use sliding window algorithm with IP-based tracking.",To Do,High,6h,"security,authentication,rate-limiting","Create rate limiter middleware,Configure limits per endpoint,Add IP extraction logic,Implement sliding window counter,Add rate limit headers to response,Create bypass for trusted IPs",2026-01-17,2026-01-13,Task
"[S1-005] Add input sanitization middleware",Sprint 1 - Security Hardening,"Sanitize all user inputs to prevent SQL injection, XSS, and command injection. Implement recursive sanitization for nested objects.",To Do,High,6h,"security,validation,middleware","Create sanitization utility,Add HTML entity encoding,Implement SQL injection patterns detection,Add middleware to sanitize request body,Sanitize query parameters,Test with OWASP payloads",2026-01-17,2026-01-13,Task
"[S1-006] Enforce strong JWT secret configuration",Sprint 1 - Security Hardening,"Validate JWT secret meets minimum requirements (256 bits), prevent weak secrets in production. Add secret rotation capability.",To Do,Medium,3h,"security,authentication,configuration","Add secret strength validator,Check secret length on startup,Add rotation mechanism,Update config validation,Log warning for weak secrets",2026-01-17,2026-01-13,Task
"[S1-007] Add security headers middleware",Sprint 1 - Security Hardening,"Implement comprehensive security headers: X-Content-Type-Options, X-Frame-Options, X-XSS-Protection, Strict-Transport-Security, Referrer-Policy.",To Do,Medium,3h,"security,headers,middleware","Create security headers middleware,Add X-Content-Type-Options nosniff,Add X-Frame-Options DENY,Add HSTS header,Add Referrer-Policy,Test headers in responses",2026-01-17,2026-01-13,Task
"[S1-008] Implement password strength validation",Sprint 1 - Security Hardening,"Enforce strong password policy: minimum 12 characters, uppercase, lowercase, number, special character. Add password breach checking via HaveIBeenPwned API.",To Do,Medium,4h,"security,authentication,validation","Create password validator,Add complexity rules,Integrate HIBP API check,Update registration endpoint,Update password change endpoint,Add client-side validation",2026-01-17,2026-01-13,Task
"[S2-001] Refactor IncidencesPage component (1453 lines)",Sprint 2 - Code Refactoring,"Break down the massive 1453-line IncidencesPage into smaller, maintainable components following single responsibility principle.",To Do,High,16h,"refactor,frontend,components","Extract IncidenceFilters component,Extract IncidenceTable component,Extract IncidenceForm component,Extract IncidenceActions component,Extract EvidenceUpload component,Create custom hooks for logic,Add TypeScript interfaces,Update imports and exports",2026-01-24,2026-01-20,Task
"[S2-002] Extract reusable form components",Sprint 2 - Code Refactoring,"Create a form component library with reusable inputs, selects, date pickers following atomic design principles.",To Do,High,12h,"refactor,frontend,components","Create FormInput component,Create FormSelect component,Create FormDatePicker component,Create FormTextarea component,Create FormCheckbox component,Add validation integration,Add accessibility attributes,Document component usage",2026-01-24,2026-01-20,Task
"[S2-003] Implement custom error types in Go backend",Sprint 2 - Code Refactoring,"Replace string error comparisons with typed errors implementing error interface. Create error hierarchy for different error categories.",To Do,High,8h,"refactor,backend,errors","Create AppError struct,Create error categories enum,Implement Error interface,Create error constructors,Update services to use typed errors,Update handlers for error responses,Add error codes mapping",2026-01-24,2026-01-20,Task
"[S2-004] Create API response standardization",Sprint 2 - Code Refactoring,"Standardize all API responses with consistent structure: success, data, error, meta fields. Create response helper functions.",To Do,Medium,6h,"refactor,backend,api","Create Response struct,Create success helper,Create error helper,Create paginated response helper,Update all handlers,Add response middleware,Document response format",2026-01-24,2026-01-20,Task
"[S2-005] Implement repository pattern consistently",Sprint 2 - Code Refactoring,"Ensure all data access goes through repository layer. Remove direct DB access from services.",To Do,Medium,8h,"refactor,backend,architecture","Audit direct DB calls,Create missing repositories,Define repository interfaces,Update services to use repos,Add transaction support,Test repository isolation",2026-01-24,2026-01-20,Task
"[S2-006] Extract business logic from handlers",Sprint 2 - Code Refactoring,"Move all business logic from handlers to services. Handlers should only handle HTTP concerns.",To Do,Medium,10h,"refactor,backend,architecture","Audit handler business logic,Move validation to services,Move calculations to services,Update handler calls,Ensure proper error propagation,Test service isolation",2026-01-24,2026-01-20,Task
"[S2-007] Create frontend API client abstraction",Sprint 2 - Code Refactoring,"Build centralized API client with interceptors, error handling, retry logic, and automatic token refresh.",To Do,Medium,8h,"refactor,frontend,api","Create ApiClient class,Add request interceptors,Add response interceptors,Implement retry logic,Add token refresh handling,Create typed API methods,Add request cancellation",2026-01-24,2026-01-20,Task
"[S2-008] Implement proper logging strategy",Sprint 2 - Code Refactoring,"Standardize logging across backend with structured logs, log levels, and correlation IDs for request tracing.",To Do,Medium,6h,"refactor,backend,logging","Create logger wrapper,Add structured log fields,Implement correlation IDs,Add request logging middleware,Configure log levels,Add log rotation config",2026-01-24,2026-01-20,Task
"[S3-001] Setup testing infrastructure - Backend",Sprint 3 - Testing Foundation,"Configure Go testing with testify, create test database, setup mocks, add coverage reporting.",To Do,High,8h,"testing,backend,infrastructure","Install testify package,Create test database config,Setup mock generation,Configure coverage reporting,Create test utilities,Add CI test pipeline",2026-01-31,2026-01-27,Task
"[S3-002] Setup testing infrastructure - Frontend",Sprint 3 - Testing Foundation,"Configure Jest, React Testing Library, MSW for API mocking. Setup coverage thresholds.",To Do,High,8h,"testing,frontend,infrastructure","Install Jest and RTL,Configure test environment,Setup MSW handlers,Add coverage configuration,Create test utilities,Add component test helpers",2026-01-31,2026-01-27,Task
"[S3-003] Write unit tests for PayrollService",Sprint 3 - Testing Foundation,"Comprehensive unit tests for payroll calculations: ISR, IMSS, INFONAVIT, aguinaldo, vacation premium, SDI.",To Do,High,16h,"testing,backend,payroll","Test ISR calculation brackets,Test IMSS employee deductions,Test INFONAVIT calculations,Test employment subsidy,Test SDI integration factor,Test overtime calculations,Test collar type differences,Achieve 80% coverage",2026-01-31,2026-01-27,Task
"[S3-004] Write unit tests for AuthService",Sprint 3 - Testing Foundation,"Unit tests for authentication: login, registration, password reset, token refresh, validation.",To Do,High,8h,"testing,backend,authentication","Test successful login,Test invalid credentials,Test password hashing,Test token generation,Test token refresh,Test password reset flow,Test input validation",2026-01-31,2026-01-27,Task
"[S3-005] Write unit tests for AbsenceRequestService",Sprint 3 - Testing Foundation,"Test approval workflow, escalation logic, stage transitions, notifications.",To Do,High,10h,"testing,backend,workflow","Test request creation,Test supervisor approval,Test manager approval,Test HR approval,Test escalation triggers,Test stage transitions,Test notification creation",2026-01-31,2026-01-27,Task
"[S3-006] Write integration tests for API endpoints",Sprint 3 - Testing Foundation,"End-to-end tests for critical API flows: auth, employees, payroll, approvals.",To Do,High,12h,"testing,backend,integration","Test auth endpoints,Test employee CRUD,Test payroll calculation API,Test approval endpoints,Test period management,Test error responses",2026-01-31,2026-01-27,Task
"[S3-007] Write frontend component tests",Sprint 3 - Testing Foundation,"React component tests for critical UI: login, employee forms, payroll tables, approval buttons.",To Do,Medium,12h,"testing,frontend,components","Test LoginForm component,Test EmployeeForm component,Test PayrollTable component,Test ApprovalDialog component,Test Navigation component,Test Dashboard widgets",2026-01-31,2026-01-27,Task
"[S3-008] Setup E2E testing with Playwright",Sprint 3 - Testing Foundation,"Configure Playwright for critical user journeys: login flow, employee creation, payroll processing.",To Do,Medium,10h,"testing,e2e,automation","Install Playwright,Configure test browsers,Create page objects,Test login journey,Test employee CRUD journey,Test payroll journey,Add visual regression",2026-01-31,2026-01-27,Task
"[S4-001] Design recruitment module database schema",Sprint 4 - Recruitment Module,"Create database tables for job postings, candidates, applications, interviews, offers following industry best practices.",To Do,High,6h,"recruitment,database,design","Design job_postings table,Design candidates table,Design applications table,Design interviews table,Design offers table,Design evaluation_criteria table,Create migration files",2026-02-07,2026-02-03,Task
"[S4-002] Implement JobPosting service and API",Sprint 4 - Recruitment Module,"Backend service for creating, updating, publishing job postings with requirements and salary ranges.",To Do,High,10h,"recruitment,backend,api","Create JobPosting model,Create JobPostingRepository,Create JobPostingService,Create JobPostingHandler,Add CRUD endpoints,Add publish/unpublish logic,Add department integration",2026-02-07,2026-02-03,Task
"[S4-003] Implement Candidate service and API",Sprint 4 - Recruitment Module,"Backend for candidate management: profiles, resumes, source tracking, notes.",To Do,High,10h,"recruitment,backend,api","Create Candidate model,Create CandidateRepository,Create CandidateService,Create CandidateHandler,Add resume upload,Add source tracking,Add search functionality",2026-02-07,2026-02-03,Task
"[S4-004] Implement Application service and API",Sprint 4 - Recruitment Module,"Application tracking system with pipeline stages, screening, and status management.",To Do,High,12h,"recruitment,backend,api","Create Application model,Create pipeline stages enum,Create ApplicationService,Create ApplicationHandler,Add stage transitions,Add screening logic,Add rejection handling",2026-02-07,2026-02-03,Task
"[S4-005] Implement Interview scheduling service",Sprint 4 - Recruitment Module,"Service for scheduling interviews, sending invitations, managing availability.",To Do,Medium,10h,"recruitment,backend,interviews","Create Interview model,Create InterviewService,Add scheduling logic,Add calendar integration,Add email notifications,Add rescheduling support",2026-02-07,2026-02-03,Task
"[S4-006] Implement Offer management service",Sprint 4 - Recruitment Module,"Service for creating, sending, and tracking job offers with approval workflow.",To Do,Medium,8h,"recruitment,backend,offers","Create Offer model,Create OfferService,Add approval workflow,Add offer letter generation,Add acceptance tracking,Add counter-offer handling",2026-02-07,2026-02-03,Task
"[S4-007] Build recruitment dashboard UI",Sprint 4 - Recruitment Module,"Frontend dashboard showing pipeline overview, metrics, recent applications, upcoming interviews.",To Do,High,12h,"recruitment,frontend,dashboard","Create RecruitmentDashboard page,Add pipeline visualization,Add application metrics,Add interview calendar widget,Add recent activity feed,Add quick actions",2026-02-07,2026-02-03,Task
"[S4-008] Build job posting management UI",Sprint 4 - Recruitment Module,"Frontend for creating, editing, publishing job postings with rich text descriptions.",To Do,Medium,10h,"recruitment,frontend,forms","Create JobPostingList page,Create JobPostingForm component,Add rich text editor,Add requirements builder,Add salary range inputs,Add preview functionality",2026-02-07,2026-02-03,Task
"[S4-009] Build candidate management UI",Sprint 4 - Recruitment Module,"Frontend for viewing candidates, reviewing resumes, adding notes, moving through pipeline.",To Do,Medium,12h,"recruitment,frontend,candidates","Create CandidateList page,Create CandidateProfile page,Add resume viewer,Add notes component,Add pipeline stage selector,Add evaluation form",2026-02-07,2026-02-03,Task
"[S4-010] Build application tracking board UI",Sprint 4 - Recruitment Module,"Kanban-style board for visualizing and managing applications through hiring pipeline.",To Do,Medium,14h,"recruitment,frontend,kanban","Create ApplicationBoard page,Add kanban columns,Add drag-and-drop,Add application cards,Add filtering options,Add bulk actions",2026-02-07,2026-02-03,Task
"[S5-001] Design onboarding module database schema",Sprint 5 - Onboarding Module,"Create tables for onboarding tasks, checklists, document collection, equipment assignment.",To Do,High,6h,"onboarding,database,design","Design onboarding_templates table,Design onboarding_tasks table,Design task_assignments table,Design document_requirements table,Design equipment_assignments table,Create migration files",2026-02-14,2026-02-10,Task
"[S5-002] Implement OnboardingTemplate service",Sprint 5 - Onboarding Module,"Service for creating reusable onboarding templates by department/role with task definitions.",To Do,High,8h,"onboarding,backend,templates","Create OnboardingTemplate model,Create TemplateTask model,Create TemplateService,Add template cloning,Add task ordering,Add role-based templates",2026-02-14,2026-02-10,Task
"[S5-003] Implement OnboardingProcess service",Sprint 5 - Onboarding Module,"Service for managing individual employee onboarding: task assignment, progress tracking, completion.",To Do,High,12h,"onboarding,backend,process","Create OnboardingProcess model,Create ProcessService,Add task assignment logic,Add progress calculation,Add deadline management,Add completion workflow",2026-02-14,2026-02-10,Task
"[S5-004] Implement document collection workflow",Sprint 5 - Onboarding Module,"Service for collecting required documents from new hires with validation and storage.",To Do,High,10h,"onboarding,backend,documents","Create DocumentRequirement model,Create DocumentSubmission model,Create DocumentService,Add file upload handling,Add validation logic,Add reminder notifications",2026-02-14,2026-02-10,Task
"[S5-005] Implement equipment assignment service",Sprint 5 - Onboarding Module,"Service for tracking equipment (laptop, phone, badge) assignment to new employees.",To Do,Medium,8h,"onboarding,backend,equipment","Create Equipment model,Create EquipmentAssignment model,Create EquipmentService,Add assignment workflow,Add return tracking,Add inventory integration",2026-02-14,2026-02-10,Task
"[S5-006] Build onboarding dashboard UI",Sprint 5 - Onboarding Module,"Dashboard showing new hires in progress, task completion rates, pending documents.",To Do,High,10h,"onboarding,frontend,dashboard","Create OnboardingDashboard page,Add new hires list,Add progress indicators,Add document status,Add task completion metrics,Add alerts section",2026-02-14,2026-02-10,Task
"[S5-007] Build onboarding template builder UI",Sprint 5 - Onboarding Module,"UI for HR to create and manage onboarding templates with drag-and-drop task ordering.",To Do,Medium,12h,"onboarding,frontend,templates","Create TemplateBuilder page,Add task editor,Add drag-and-drop ordering,Add assignee selection,Add deadline configuration,Add preview mode",2026-02-14,2026-02-10,Task
"[S5-008] Build employee onboarding portal",Sprint 5 - Onboarding Module,"Employee-facing portal showing their onboarding tasks, documents to submit, progress.",To Do,High,12h,"onboarding,frontend,portal","Create OnboardingPortal page,Add task checklist,Add document upload,Add progress tracker,Add contact information,Add welcome message",2026-02-14,2026-02-10,Task
"[S5-009] Implement onboarding notifications",Sprint 5 - Onboarding Module,"Automated notifications for task reminders, document deadlines, manager alerts.",To Do,Medium,6h,"onboarding,backend,notifications","Create notification templates,Add task reminder job,Add deadline alert job,Add manager notifications,Add completion notifications",2026-02-14,2026-02-10,Task
"[S5-010] Add convert-candidate-to-employee flow",Sprint 5 - Onboarding Module,"Workflow to convert accepted candidate to employee record and trigger onboarding.",To Do,Medium,8h,"onboarding,recruitment,integration","Create conversion service,Map candidate to employee fields,Trigger onboarding process,Create portal credentials,Send welcome email,Archive candidate record",2026-02-14,2026-02-10,Task
"[S6-001] Design training module database schema",Sprint 6 - Training & Development,"Create tables for courses, enrollments, completions, certifications, learning paths.",To Do,High,6h,"training,database,design","Design courses table,Design course_modules table,Design enrollments table,Design completions table,Design certifications table,Design learning_paths table,Create migrations",2026-02-21,2026-02-17,Task
"[S6-002] Implement Course management service",Sprint 6 - Training & Development,"Service for creating courses with modules, content, assessments, and prerequisites.",To Do,High,12h,"training,backend,courses","Create Course model,Create CourseModule model,Create CourseService,Add content types support,Add prerequisite logic,Add versioning support",2026-02-21,2026-02-17,Task
"[S6-003] Implement Enrollment service",Sprint 6 - Training & Development,"Service for enrolling employees in courses, tracking progress, managing deadlines.",To Do,High,10h,"training,backend,enrollments","Create Enrollment model,Create EnrollmentService,Add enrollment workflow,Add progress tracking,Add deadline management,Add waitlist support",2026-02-21,2026-02-17,Task
"[S6-004] Implement Certification service",Sprint 6 - Training & Development,"Service for managing certifications, expiration tracking, renewal reminders.",To Do,High,8h,"training,backend,certifications","Create Certification model,Create CertificationService,Add expiration tracking,Add renewal workflow,Add certificate generation,Add compliance reporting",2026-02-21,2026-02-17,Task
"[S6-005] Implement Learning Path service",Sprint 6 - Training & Development,"Service for creating role-based learning paths with ordered courses and milestones.",To Do,Medium,8h,"training,backend,paths","Create LearningPath model,Create PathMilestone model,Create LearningPathService,Add path assignment,Add milestone tracking,Add completion certificates",2026-02-21,2026-02-17,Task
"[S6-006] Build training catalog UI",Sprint 6 - Training & Development,"Frontend for browsing available courses, filtering by category, viewing details.",To Do,High,10h,"training,frontend,catalog","Create CourseCatalog page,Add course cards,Add category filters,Add search functionality,Add course detail modal,Add enrollment button",2026-02-21,2026-02-17,Task
"[S6-007] Build course player/viewer UI",Sprint 6 - Training & Development,"Interactive course viewer with module navigation, progress tracking, assessments.",To Do,High,14h,"training,frontend,player","Create CoursePlayer page,Add module navigation,Add content viewer,Add progress indicator,Add assessment component,Add completion modal",2026-02-21,2026-02-17,Task
"[S6-008] Build training admin dashboard",Sprint 6 - Training & Development,"Admin dashboard for managing courses, viewing enrollments, tracking compliance.",To Do,Medium,12h,"training,frontend,admin","Create TrainingAdmin page,Add course management table,Add enrollment reports,Add compliance metrics,Add certification alerts,Add bulk enrollment",2026-02-21,2026-02-17,Task
"[S6-009] Build employee training portal",Sprint 6 - Training & Development,"Employee view of enrolled courses, learning paths, certificates, and history.",To Do,Medium,10h,"training,frontend,portal","Create MyTraining page,Add enrolled courses list,Add learning path progress,Add certificates section,Add training history,Add recommendations",2026-02-21,2026-02-17,Task
"[S6-010] Implement training compliance reporting",Sprint 6 - Training & Development,"Reports for mandatory training compliance, certification status, upcoming expirations.",To Do,Medium,8h,"training,backend,reports","Create compliance report service,Add mandatory training tracking,Add certification status report,Add expiration alerts report,Add department summary,Add export functionality",2026-02-21,2026-02-17,Task
"[S7-001] Design performance module database schema",Sprint 7 - Performance Management,"Create tables for goals, reviews, ratings, feedback, development plans.",To Do,High,6h,"performance,database,design","Design goals table,Design reviews table,Design review_ratings table,Design feedback table,Design development_plans table,Design competencies table,Create migrations",2026-02-28,2026-02-24,Task
"[S7-002] Implement Goal management service",Sprint 7 - Performance Management,"Service for setting, tracking, and evaluating employee goals with cascading objectives.",To Do,High,10h,"performance,backend,goals","Create Goal model,Create GoalService,Add goal hierarchy,Add progress tracking,Add weight calculation,Add approval workflow",2026-02-28,2026-02-24,Task
"[S7-003] Implement Performance Review service",Sprint 7 - Performance Management,"Service for managing review cycles, self-assessments, manager ratings, calibration.",To Do,High,14h,"performance,backend,reviews","Create Review model,Create ReviewCycle model,Create ReviewService,Add self-assessment,Add manager assessment,Add calibration support,Add final rating calculation",2026-02-28,2026-02-24,Task
"[S7-004] Implement 360 Feedback service",Sprint 7 - Performance Management,"Service for collecting multi-rater feedback from peers, subordinates, managers.",To Do,High,10h,"performance,backend,feedback","Create FeedbackRequest model,Create FeedbackResponse model,Create FeedbackService,Add anonymous feedback option,Add aggregation logic,Add feedback reminders",2026-02-28,2026-02-24,Task
"[S7-005] Implement Development Plan service",Sprint 7 - Performance Management,"Service for creating development plans based on review outcomes with action items.",To Do,Medium,8h,"performance,backend,development","Create DevelopmentPlan model,Create ActionItem model,Create DevelopmentService,Add training recommendations,Add milestone tracking,Add manager review",2026-02-28,2026-02-24,Task
"[S7-006] Build goal management UI",Sprint 7 - Performance Management,"Frontend for setting goals, tracking progress, linking to objectives.",To Do,High,12h,"performance,frontend,goals","Create GoalsPage component,Add goal creation form,Add progress slider,Add alignment view,Add status indicators,Add approval buttons",2026-02-28,2026-02-24,Task
"[S7-007] Build performance review UI",Sprint 7 - Performance Management,"Frontend for conducting reviews: self-assessment forms, manager ratings, final review.",To Do,High,16h,"performance,frontend,reviews","Create ReviewForm component,Add competency ratings,Add comment sections,Add overall rating,Add calibration view,Add review history",2026-02-28,2026-02-24,Task
"[S7-008] Build 360 feedback UI",Sprint 7 - Performance Management,"Frontend for requesting, providing, and viewing 360 feedback.",To Do,Medium,10h,"performance,frontend,feedback","Create FeedbackRequest page,Create FeedbackForm component,Add respondent selection,Add question builder,Add results visualization,Add anonymity indicator",2026-02-28,2026-02-24,Task
"[S7-009] Build performance dashboard",Sprint 7 - Performance Management,"HR dashboard for monitoring review completion, ratings distribution, goal progress.",To Do,Medium,10h,"performance,frontend,dashboard","Create PerformanceDashboard page,Add review completion metrics,Add ratings distribution chart,Add goal progress summary,Add pending actions,Add team comparisons",2026-02-28,2026-02-24,Task
"[S7-010] Implement performance-compensation integration",Sprint 7 - Performance Management,"Link performance ratings to compensation recommendations and merit increases.",To Do,Medium,8h,"performance,compensation,integration","Create rating-to-merit mapping,Add compensation recommendation,Add budget integration,Add approval workflow,Add history tracking",2026-02-28,2026-02-24,Task
"[S8-001] Design benefits module database schema",Sprint 8 - Benefits Administration,"Create tables for benefit plans, enrollments, dependents, claims, open enrollment.",To Do,High,6h,"benefits,database,design","Design benefit_plans table,Design plan_options table,Design enrollments table,Design dependents table,Design claims table,Design open_enrollment_periods table,Create migrations",2026-03-07,2026-03-03,Task
"[S8-002] Implement BenefitPlan management service",Sprint 8 - Benefits Administration,"Service for configuring benefit plans: health, dental, vision, life, retirement.",To Do,High,10h,"benefits,backend,plans","Create BenefitPlan model,Create PlanOption model,Create BenefitPlanService,Add plan types enum,Add eligibility rules,Add cost calculations",2026-03-07,2026-03-03,Task
"[S8-003] Implement Benefits Enrollment service",Sprint 8 - Benefits Administration,"Service for employee benefit enrollment, plan selection, coverage levels.",To Do,High,12h,"benefits,backend,enrollment","Create Enrollment model,Create EnrollmentService,Add plan selection logic,Add coverage tier calculation,Add payroll deduction setup,Add effective dates",2026-03-07,2026-03-03,Task
"[S8-004] Implement Dependent management service",Sprint 8 - Benefits Administration,"Service for managing employee dependents for benefit coverage.",To Do,High,8h,"benefits,backend,dependents","Create Dependent model,Create DependentService,Add relationship types,Add age validation,Add document requirements,Add coverage assignment",2026-03-07,2026-03-03,Task
"[S8-005] Implement Open Enrollment service",Sprint 8 - Benefits Administration,"Service for managing annual open enrollment periods and employee elections.",To Do,High,10h,"benefits,backend,enrollment","Create OpenEnrollmentPeriod model,Create EnrollmentElection model,Create OpenEnrollmentService,Add period management,Add election tracking,Add reminder notifications",2026-03-07,2026-03-03,Task
"[S8-006] Build benefits catalog UI",Sprint 8 - Benefits Administration,"Frontend for browsing available benefits, comparing plans, viewing costs.",To Do,High,12h,"benefits,frontend,catalog","Create BenefitsCatalog page,Add plan comparison table,Add cost calculator,Add coverage details,Add eligibility info,Add enrollment button",2026-03-07,2026-03-03,Task
"[S8-007] Build benefits enrollment wizard",Sprint 8 - Benefits Administration,"Step-by-step enrollment wizard for selecting plans, adding dependents, confirming choices.",To Do,High,14h,"benefits,frontend,wizard","Create EnrollmentWizard component,Add plan selection step,Add dependent entry step,Add beneficiary step,Add cost summary step,Add confirmation step",2026-03-07,2026-03-03,Task
"[S8-008] Build employee benefits portal",Sprint 8 - Benefits Administration,"Employee view of current benefits, coverage details, ID cards, claims.",To Do,Medium,10h,"benefits,frontend,portal","Create MyBenefits page,Add current coverage summary,Add ID card viewer,Add claims history,Add dependent list,Add life events section",2026-03-07,2026-03-03,Task
"[S8-009] Build benefits admin dashboard",Sprint 8 - Benefits Administration,"Admin dashboard for managing plans, monitoring enrollment, processing changes.",To Do,Medium,10h,"benefits,frontend,admin","Create BenefitsAdmin page,Add plan management,Add enrollment reports,Add cost analysis,Add life event queue,Add carrier integration status",2026-03-07,2026-03-03,Task
"[S8-010] Integrate benefits deductions with payroll",Sprint 8 - Benefits Administration,"Connect benefit enrollment to automatic payroll deductions calculation.",To Do,High,8h,"benefits,payroll,integration","Create deduction mapping,Update payroll calculation,Add pre-tax handling,Add benefit cost tracking,Add annual limits,Test deduction accuracy",2026-03-07,2026-03-03,Task
"[S9-001] Design time tracking module database schema",Sprint 9 - Time & Attendance,"Create tables for time entries, attendance records, overtime, schedules.",To Do,High,6h,"time-tracking,database,design","Design time_entries table,Design attendance_records table,Design overtime_requests table,Design schedule_exceptions table,Create indexes,Create migrations",2026-03-14,2026-03-10,Task
"[S9-002] Implement TimeEntry service",Sprint 9 - Time & Attendance,"Service for clock in/out, break tracking, manual time entry with validation.",To Do,High,12h,"time-tracking,backend,entries","Create TimeEntry model,Create TimeEntryService,Add clock in/out logic,Add break tracking,Add validation rules,Add geolocation support",2026-03-14,2026-03-10,Task
"[S9-003] Implement Attendance service",Sprint 9 - Time & Attendance,"Service for calculating daily attendance, tardiness, early departures.",To Do,High,10h,"time-tracking,backend,attendance","Create AttendanceRecord model,Create AttendanceService,Add daily calculation,Add tardiness detection,Add early departure detection,Add exception handling",2026-03-14,2026-03-10,Task
"[S9-004] Implement Overtime service",Sprint 9 - Time & Attendance,"Service for overtime calculation, approval workflow, compliance with labor laws.",To Do,High,10h,"time-tracking,backend,overtime","Create OvertimeRequest model,Create OvertimeService,Add calculation by collar type,Add approval workflow,Add weekly limits,Add Mexican labor law compliance",2026-03-14,2026-03-10,Task
"[S9-005] Implement Timesheet service",Sprint 9 - Time & Attendance,"Service for weekly/biweekly timesheets with submission and approval workflow.",To Do,Medium,10h,"time-tracking,backend,timesheets","Create Timesheet model,Create TimesheetService,Add period calculation,Add submission workflow,Add approval process,Add correction handling",2026-03-14,2026-03-10,Task
"[S9-006] Build time clock UI",Sprint 9 - Time & Attendance,"Employee interface for clocking in/out with location verification.",To Do,High,10h,"time-tracking,frontend,clock","Create TimeClock page,Add clock in button,Add clock out button,Add break buttons,Add location display,Add shift information",2026-03-14,2026-03-10,Task
"[S9-007] Build timesheet UI",Sprint 9 - Time & Attendance,"Employee timesheet view and entry for manual time tracking and corrections.",To Do,Medium,12h,"time-tracking,frontend,timesheet","Create Timesheet page,Add daily entry rows,Add project allocation,Add notes field,Add submission button,Add history view",2026-03-14,2026-03-10,Task
"[S9-008] Build attendance dashboard",Sprint 9 - Time & Attendance,"Manager dashboard showing team attendance, late arrivals, missing punches.",To Do,Medium,10h,"time-tracking,frontend,dashboard","Create AttendanceDashboard page,Add team attendance grid,Add exception alerts,Add correction requests,Add approval queue,Add reports section",2026-03-14,2026-03-10,Task
"[S9-009] Integrate time tracking with payroll",Sprint 9 - Time & Attendance,"Connect attendance data to prenomina and payroll calculations automatically.",To Do,High,8h,"time-tracking,payroll,integration","Create time-to-prenomina sync,Map attendance to incidences,Calculate overtime hours,Update prenomina metrics,Add reconciliation report",2026-03-14,2026-03-10,Task
"[S9-010] Implement biometric device integration",Sprint 9 - Time & Attendance,"API integration for common biometric time clocks (ZKTeco, Anviz).",To Do,Medium,10h,"time-tracking,integration,devices","Create device integration interface,Add ZKTeco SDK integration,Add Anviz SDK integration,Add data sync service,Add device management UI",2026-03-14,2026-03-10,Task
"[S10-001] Design expense module database schema",Sprint 10 - Expense Management,"Create tables for expense reports, line items, receipts, policies, approvals.",To Do,High,6h,"expenses,database,design","Design expense_reports table,Design expense_items table,Design receipts table,Design expense_policies table,Design mileage_rates table,Create migrations",2026-03-21,2026-03-17,Task
"[S10-002] Implement ExpenseReport service",Sprint 10 - Expense Management,"Service for creating, submitting, and managing expense reports.",To Do,High,10h,"expenses,backend,reports","Create ExpenseReport model,Create ExpenseItem model,Create ExpenseService,Add submission workflow,Add policy validation,Add currency handling",2026-03-21,2026-03-17,Task
"[S10-003] Implement ExpensePolicy service",Sprint 10 - Expense Management,"Service for defining expense policies, limits, and approval rules.",To Do,High,8h,"expenses,backend,policies","Create ExpensePolicy model,Create PolicyService,Add category limits,Add per-diem rules,Add approval thresholds,Add exception handling",2026-03-21,2026-03-17,Task
"[S10-004] Implement Receipt OCR service",Sprint 10 - Expense Management,"Service for extracting data from receipt images using OCR.",To Do,Medium,10h,"expenses,backend,ocr","Create OCR integration,Add image preprocessing,Add data extraction,Add confidence scoring,Add manual correction,Add vendor matching",2026-03-21,2026-03-17,Task
"[S10-005] Implement Mileage tracking service",Sprint 10 - Expense Management,"Service for calculating mileage reimbursement with rate configuration.",To Do,Medium,6h,"expenses,backend,mileage","Create MileageEntry model,Create MileageService,Add rate configuration,Add distance calculation,Add route validation,Add Google Maps integration",2026-03-21,2026-03-17,Task
"[S10-006] Build expense submission UI",Sprint 10 - Expense Management,"Employee interface for creating expense reports, uploading receipts, submitting.",To Do,High,12h,"expenses,frontend,submission","Create ExpenseForm page,Add expense entry form,Add receipt upload,Add category selector,Add currency converter,Add submission review",2026-03-21,2026-03-17,Task
"[S10-007] Build expense approval UI",Sprint 10 - Expense Management,"Manager interface for reviewing, approving, or rejecting expense reports.",To Do,High,10h,"expenses,frontend,approval","Create ExpenseApproval page,Add report list,Add detail viewer,Add receipt gallery,Add approve/reject buttons,Add comment field",2026-03-21,2026-03-17,Task
"[S10-008] Build expense reports dashboard",Sprint 10 - Expense Management,"Dashboard showing expense trends, policy violations, budget status.",To Do,Medium,8h,"expenses,frontend,dashboard","Create ExpenseDashboard page,Add spending trends chart,Add category breakdown,Add policy violations,Add budget tracking,Add export options",2026-03-21,2026-03-17,Task
"[S10-009] Integrate expenses with payroll reimbursement",Sprint 10 - Expense Management,"Connect approved expenses to payroll for automatic reimbursement.",To Do,High,6h,"expenses,payroll,integration","Create reimbursement mapping,Add to payroll calculation,Handle tax implications,Add payment tracking,Create reconciliation report",2026-03-21,2026-03-17,Task
"[S10-010] Implement corporate card integration",Sprint 10 - Expense Management,"Integration with corporate card feeds for automatic expense import.",To Do,Low,8h,"expenses,integration,cards","Create card feed interface,Add transaction import,Add matching logic,Add reconciliation,Add duplicate detection",2026-03-21,2026-03-17,Task
"[S11-001] Design document management schema",Sprint 11 - Document Management,"Create tables for documents, categories, versions, access control.",To Do,High,6h,"documents,database,design","Design documents table,Design document_versions table,Design document_categories table,Design document_access table,Design signatures table,Create migrations",2026-03-28,2026-03-24,Task
"[S11-002] Implement Document service",Sprint 11 - Document Management,"Service for uploading, versioning, and managing documents with metadata.",To Do,High,12h,"documents,backend,service","Create Document model,Create DocumentVersion model,Create DocumentService,Add version control,Add metadata management,Add search indexing",2026-03-28,2026-03-24,Task
"[S11-003] Implement DocumentTemplate service",Sprint 11 - Document Management,"Service for creating document templates with merge fields for auto-generation.",To Do,High,10h,"documents,backend,templates","Create DocumentTemplate model,Create TemplateService,Add merge field syntax,Add template rendering,Add PDF generation,Add preview functionality",2026-03-28,2026-03-24,Task
"[S11-004] Implement E-Signature service",Sprint 11 - Document Management,"Service for document signing workflow with audit trail.",To Do,High,12h,"documents,backend,signatures","Create SignatureRequest model,Create SignatureService,Add signing workflow,Add certificate generation,Add audit trail,Add notification triggers",2026-03-28,2026-03-24,Task
"[S11-005] Implement document generation service",Sprint 11 - Document Management,"Auto-generate HR documents: offer letters, contracts, termination letters.",To Do,High,10h,"documents,backend,generation","Create generation service,Add offer letter template,Add contract template,Add termination template,Add custom template support,Add batch generation",2026-03-28,2026-03-24,Task
"[S11-006] Build document library UI",Sprint 11 - Document Management,"Frontend for browsing, searching, and managing documents.",To Do,High,10h,"documents,frontend,library","Create DocumentLibrary page,Add folder navigation,Add search functionality,Add filter options,Add preview modal,Add download button",2026-03-28,2026-03-24,Task
"[S11-007] Build document viewer/editor UI",Sprint 11 - Document Management,"In-browser document viewer with annotation support.",To Do,Medium,12h,"documents,frontend,viewer","Create DocumentViewer component,Add PDF rendering,Add image support,Add annotation tools,Add zoom controls,Add print functionality",2026-03-28,2026-03-24,Task
"[S11-008] Build e-signature UI",Sprint 11 - Document Management,"Interface for reviewing and signing documents electronically.",To Do,High,10h,"documents,frontend,signatures","Create SignDocument page,Add document preview,Add signature pad,Add initials pad,Add date stamping,Add completion confirmation",2026-03-28,2026-03-24,Task
"[S11-009] Build template builder UI",Sprint 11 - Document Management,"Interface for creating document templates with drag-and-drop merge fields.",To Do,Medium,10h,"documents,frontend,templates","Create TemplateBuilder page,Add rich text editor,Add merge field palette,Add preview mode,Add save functionality,Add template library",2026-03-28,2026-03-24,Task
"[S11-010] Implement policy acknowledgment system",Sprint 11 - Document Management,"System for distributing policies and tracking employee acknowledgments.",To Do,Medium,8h,"documents,backend,policies","Create PolicyDistribution model,Create AcknowledgmentService,Add distribution workflow,Add tracking dashboard,Add reminder system,Add compliance reporting",2026-03-28,2026-03-24,Task
"[S12-001] Design analytics module schema",Sprint 12 - Analytics & Reporting,"Create tables for report definitions, schedules, dashboard configs.",To Do,High,6h,"analytics,database,design","Design report_definitions table,Design report_schedules table,Design dashboard_configs table,Design metric_definitions table,Create migrations",2026-04-04,2026-03-31,Task
"[S12-002] Implement ReportBuilder service",Sprint 12 - Analytics & Reporting,"Service for creating custom reports with filters, grouping, calculations.",To Do,High,14h,"analytics,backend,reports","Create ReportDefinition model,Create ReportBuilder service,Add filter configuration,Add grouping logic,Add calculated fields,Add export formats",2026-04-04,2026-03-31,Task
"[S12-003] Implement ScheduledReports service",Sprint 12 - Analytics & Reporting,"Service for scheduling automatic report generation and distribution.",To Do,Medium,8h,"analytics,backend,scheduling","Create ReportSchedule model,Create SchedulerService,Add cron configuration,Add email distribution,Add file storage,Add execution history",2026-04-04,2026-03-31,Task
"[S12-004] Implement HR Analytics service",Sprint 12 - Analytics & Reporting,"Pre-built analytics for headcount, turnover, diversity, compensation.",To Do,High,12h,"analytics,backend,hr","Create analytics queries,Add headcount trends,Add turnover analysis,Add diversity metrics,Add compensation analysis,Add benchmark comparisons",2026-04-04,2026-03-31,Task
"[S12-005] Implement Payroll Analytics service",Sprint 12 - Analytics & Reporting,"Pre-built analytics for payroll costs, tax obligations, period comparisons.",To Do,High,10h,"analytics,backend,payroll","Create payroll analytics,Add cost by department,Add tax summary,Add period comparisons,Add budget variance,Add forecast projections",2026-04-04,2026-03-31,Task
"[S12-006] Build report builder UI",Sprint 12 - Analytics & Reporting,"Drag-and-drop interface for creating custom reports.",To Do,High,16h,"analytics,frontend,builder","Create ReportBuilder page,Add field selector,Add filter builder,Add grouping options,Add calculation editor,Add preview panel",2026-04-04,2026-03-31,Task
"[S12-007] Build executive dashboard",Sprint 12 - Analytics & Reporting,"High-level KPI dashboard for leadership with key HR metrics.",To Do,High,12h,"analytics,frontend,dashboard","Create ExecutiveDashboard page,Add KPI cards,Add trend charts,Add comparison widgets,Add drill-down capability,Add export options",2026-04-04,2026-03-31,Task
"[S12-008] Build HR analytics dashboard",Sprint 12 - Analytics & Reporting,"Detailed HR analytics with headcount, turnover, diversity visualizations.",To Do,Medium,12h,"analytics,frontend,hr","Create HRAnalytics page,Add headcount trends,Add turnover funnel,Add diversity charts,Add org distribution,Add filters",2026-04-04,2026-03-31,Task
"[S12-009] Build payroll analytics dashboard",Sprint 12 - Analytics & Reporting,"Payroll cost analysis with department breakdowns and trend analysis.",To Do,Medium,10h,"analytics,frontend,payroll","Create PayrollAnalytics page,Add cost breakdown charts,Add trend analysis,Add tax summary,Add period comparison,Add budget tracking",2026-04-04,2026-03-31,Task
"[S12-010] Implement data export service",Sprint 12 - Analytics & Reporting,"Export data to Excel, CSV, PDF with formatting and scheduling.",To Do,Medium,8h,"analytics,backend,export","Create ExportService,Add Excel generation,Add CSV generation,Add PDF generation,Add formatting options,Add batch export",2026-04-04,2026-03-31,Task
"[S13-001] Design employee self-service enhancements",Sprint 13 - Employee Self-Service,"Plan comprehensive self-service features for employee portal.",To Do,High,4h,"self-service,design,planning","Audit current capabilities,Define feature requirements,Design user flows,Create wireframes,Plan API needs",2026-04-11,2026-04-07,Task
"[S13-002] Implement profile management service",Sprint 13 - Employee Self-Service,"Service for employees to update personal info, emergency contacts, bank details.",To Do,High,10h,"self-service,backend,profile","Create ProfileUpdate model,Create ProfileService,Add change request workflow,Add approval for sensitive fields,Add audit logging,Add notification triggers",2026-04-11,2026-04-07,Task
"[S13-003] Implement payslip access service",Sprint 13 - Employee Self-Service,"Service for employees to view and download their payslips.",To Do,High,8h,"self-service,backend,payslips","Create PayslipAccess service,Add period listing,Add PDF generation,Add download tracking,Add email delivery option,Add archive access",2026-04-11,2026-04-07,Task
"[S13-004] Implement tax document service",Sprint 13 - Employee Self-Service,"Service for accessing tax documents (CFDI, annual summary).",To Do,High,8h,"self-service,backend,tax","Create TaxDocument service,Add CFDI listing,Add annual summary generation,Add download functionality,Add year filtering,Add correction requests",2026-04-11,2026-04-07,Task
"[S13-005] Build profile management UI",Sprint 13 - Employee Self-Service,"Employee interface for viewing and updating personal information.",To Do,High,12h,"self-service,frontend,profile","Create MyProfile page,Add personal info section,Add contact section,Add emergency contacts,Add bank details section,Add change request form",2026-04-11,2026-04-07,Task
"[S13-006] Build payslip viewer UI",Sprint 13 - Employee Self-Service,"Employee interface for viewing payslip history and downloading PDFs.",To Do,High,10h,"self-service,frontend,payslips","Create MyPayslips page,Add period selector,Add payslip detail view,Add download button,Add print option,Add year-to-date summary",2026-04-11,2026-04-07,Task
"[S13-007] Build tax documents UI",Sprint 13 - Employee Self-Service,"Employee interface for accessing tax documents and annual statements.",To Do,Medium,8h,"self-service,frontend,tax","Create TaxDocuments page,Add document list,Add year filter,Add preview modal,Add download button,Add request correction",2026-04-11,2026-04-07,Task
"[S13-008] Build leave balance dashboard",Sprint 13 - Employee Self-Service,"Enhanced leave balance view with history, accruals, and projections.",To Do,Medium,8h,"self-service,frontend,leave","Create LeaveBalance page,Add balance cards,Add accrual history,Add usage history,Add calendar view,Add request button",2026-04-11,2026-04-07,Task
"[S13-009] Implement notification preferences",Sprint 13 - Employee Self-Service,"Allow employees to configure notification preferences.",To Do,Medium,6h,"self-service,backend,notifications","Create NotificationPreference model,Create PreferenceService,Add channel options,Add frequency settings,Add category toggles,Add default settings",2026-04-11,2026-04-07,Task
"[S13-010] Build notification settings UI",Sprint 13 - Employee Self-Service,"Interface for managing notification preferences.",To Do,Medium,6h,"self-service,frontend,notifications","Create NotificationSettings page,Add email preferences,Add in-app preferences,Add frequency selector,Add category toggles,Add save functionality",2026-04-11,2026-04-07,Task
"[S14-001] Design multi-company module enhancements",Sprint 14 - Multi-Company & Compliance,"Plan advanced multi-company features for enterprise deployment.",To Do,High,4h,"multi-company,design,planning","Audit current multi-tenancy,Define requirements,Design data isolation,Plan consolidation features,Create migration strategy",2026-04-18,2026-04-14,Task
"[S14-002] Implement company hierarchy service",Sprint 14 - Multi-Company & Compliance,"Service for managing parent-child company relationships.",To Do,High,10h,"multi-company,backend,hierarchy","Create CompanyHierarchy model,Create HierarchyService,Add parent-child relationships,Add subsidiary management,Add consolidation rules,Add cross-company queries",2026-04-18,2026-04-14,Task
"[S14-003] Implement consolidated reporting",Sprint 14 - Multi-Company & Compliance,"Reports that aggregate data across multiple companies.",To Do,High,12h,"multi-company,backend,reporting","Create consolidation service,Add multi-company queries,Add currency conversion,Add elimination entries,Add drill-down support,Add export functionality",2026-04-18,2026-04-14,Task
"[S14-004] Implement compliance tracking service",Sprint 14 - Multi-Company & Compliance,"Service for tracking regulatory compliance requirements and deadlines.",To Do,High,10h,"compliance,backend,tracking","Create ComplianceRequirement model,Create ComplianceService,Add deadline tracking,Add reminder system,Add completion workflow,Add audit reporting",2026-04-18,2026-04-14,Task
"[S14-005] Implement data retention service",Sprint 14 - Multi-Company & Compliance,"Service for managing data retention policies and archival.",To Do,Medium,8h,"compliance,backend,retention","Create RetentionPolicy model,Create RetentionService,Add archival workflow,Add deletion scheduler,Add legal hold support,Add audit trail",2026-04-18,2026-04-14,Task
"[S14-006] Build company management UI",Sprint 14 - Multi-Company & Compliance,"Admin interface for managing multiple companies and relationships.",To Do,High,10h,"multi-company,frontend,admin","Create CompanyManagement page,Add company list,Add hierarchy viewer,Add settings per company,Add user assignment,Add consolidation config",2026-04-18,2026-04-14,Task
"[S14-007] Build consolidated dashboard",Sprint 14 - Multi-Company & Compliance,"Executive dashboard with cross-company metrics.",To Do,Medium,10h,"multi-company,frontend,dashboard","Create ConsolidatedDashboard page,Add company selector,Add aggregated metrics,Add comparison charts,Add drill-down capability,Add export options",2026-04-18,2026-04-14,Task
"[S14-008] Build compliance dashboard",Sprint 14 - Multi-Company & Compliance,"Dashboard for tracking compliance status and deadlines.",To Do,Medium,10h,"compliance,frontend,dashboard","Create ComplianceDashboard page,Add requirement list,Add status indicators,Add deadline calendar,Add completion tracking,Add alerts section",2026-04-18,2026-04-14,Task
"[S14-009] Implement audit trail enhancements",Sprint 14 - Multi-Company & Compliance,"Enhanced audit logging with data change tracking.",To Do,High,10h,"compliance,backend,audit","Enhance AuditLog model,Add field-level tracking,Add before/after values,Add retention policy,Add search functionality,Add export capability",2026-04-18,2026-04-14,Task
"[S14-010] Build audit trail viewer UI",Sprint 14 - Multi-Company & Compliance,"Interface for viewing and searching audit logs.",To Do,Medium,8h,"compliance,frontend,audit","Create AuditViewer page,Add log list,Add filter options,Add detail modal,Add export button,Add retention indicator",2026-04-18,2026-04-14,Task
"[S15-001] Implement OpenAPI/Swagger documentation",Sprint 15 - API & Integration,"Generate API documentation from code annotations.",To Do,High,8h,"api,documentation,swagger","Add Swagger annotations,Configure Swagger generator,Add endpoint descriptions,Add request/response schemas,Add authentication docs,Deploy Swagger UI",2026-04-25,2026-04-21,Task
"[S15-002] Implement webhook system",Sprint 15 - API & Integration,"Event-driven webhooks for external system integration.",To Do,High,12h,"api,webhooks,integration","Create Webhook model,Create WebhookService,Add event triggers,Add delivery system,Add retry logic,Add signature verification",2026-04-25,2026-04-21,Task
"[S15-003] Implement API versioning",Sprint 15 - API & Integration,"Version API endpoints for backward compatibility.",To Do,Medium,8h,"api,versioning,backend","Create versioning strategy,Add version middleware,Update route structure,Add deprecation warnings,Add migration guides,Update documentation",2026-04-25,2026-04-21,Task
"[S15-004] Implement IMSS integration service",Sprint 15 - API & Integration,"Integration with Mexican IMSS system for employee registration.",To Do,High,12h,"integration,imss,mexico","Create IMSS client,Add IDSE integration,Add movement submission,Add response handling,Add error recovery,Add status tracking",2026-04-25,2026-04-21,Task
"[S15-005] Implement SAT/CFDI integration",Sprint 15 - API & Integration,"Enhanced CFDI stamping with PAC provider integration.",To Do,High,12h,"integration,sat,cfdi","Create PAC client,Add stamp request,Add response validation,Add cancellation support,Add status queries,Add retry logic",2026-04-25,2026-04-21,Task
"[S15-006] Implement bank file generation",Sprint 15 - API & Integration,"Generate bank payment files in standard formats.",To Do,High,10h,"integration,banking,payroll","Create bank file service,Add SPEI format,Add direct deposit format,Add validation rules,Add batch processing,Add reconciliation support",2026-04-25,2026-04-21,Task
"[S15-007] Build integration dashboard",Sprint 15 - API & Integration,"Dashboard for monitoring integration status and health.",To Do,Medium,8h,"integration,frontend,dashboard","Create IntegrationDashboard page,Add connection status,Add sync history,Add error logs,Add retry controls,Add health indicators",2026-04-25,2026-04-21,Task
"[S15-008] Build webhook management UI",Sprint 15 - API & Integration,"Interface for configuring and monitoring webhooks.",To Do,Medium,8h,"integration,frontend,webhooks","Create WebhookManagement page,Add endpoint configuration,Add event selection,Add delivery logs,Add test functionality,Add secret management",2026-04-25,2026-04-21,Task
"[S15-009] Implement accounting system integration",Sprint 15 - API & Integration,"Integration with accounting systems (CONTPAQi, SAP).",To Do,Medium,10h,"integration,accounting,export","Create accounting export service,Add CONTPAQi format,Add journal entry generation,Add account mapping,Add period closing,Add reconciliation",2026-04-25,2026-04-21,Task
"[S15-010] Create integration SDK/client library",Sprint 15 - API & Integration,"JavaScript/TypeScript client library for API consumers.",To Do,Low,10h,"api,sdk,integration","Create SDK project,Add API client,Add type definitions,Add authentication helper,Add documentation,Publish to npm",2026-04-25,2026-04-21,Task
"[S16-001] Implement mobile-responsive improvements",Sprint 16 - Mobile & Accessibility,"Ensure all pages are fully responsive on mobile devices.",To Do,High,16h,"mobile,frontend,responsive","Audit current responsiveness,Fix navigation on mobile,Fix tables on mobile,Fix forms on mobile,Fix dashboards on mobile,Test on multiple devices",2026-05-02,2026-04-28,Task
"[S16-002] Implement PWA capabilities",Sprint 16 - Mobile & Accessibility,"Add Progressive Web App features for mobile installation.",To Do,Medium,10h,"mobile,pwa,frontend","Add manifest.json,Add service worker,Configure caching strategy,Add offline fallback,Add install prompt,Test installation",2026-05-02,2026-04-28,Task
"[S16-003] Implement push notifications",Sprint 16 - Mobile & Accessibility,"Web push notifications for approvals and alerts.",To Do,Medium,10h,"mobile,notifications,frontend","Setup push service,Add subscription management,Create notification payloads,Add permission request,Test delivery,Add preference integration",2026-05-02,2026-04-28,Task
"[S16-004] Implement WCAG 2.1 AA compliance",Sprint 16 - Mobile & Accessibility,"Audit and fix accessibility issues to meet WCAG 2.1 Level AA.",To Do,High,20h,"accessibility,frontend,wcag","Run accessibility audit,Fix color contrast,Add ARIA labels,Fix keyboard navigation,Add focus indicators,Test with screen readers",2026-05-02,2026-04-28,Task
"[S16-005] Implement keyboard navigation",Sprint 16 - Mobile & Accessibility,"Full keyboard navigation support for all interactive elements.",To Do,Medium,8h,"accessibility,frontend,keyboard","Add focus management,Add skip links,Add keyboard shortcuts,Fix tab order,Add focus trapping in modals,Document shortcuts",2026-05-02,2026-04-28,Task
"[S16-006] Implement screen reader optimization",Sprint 16 - Mobile & Accessibility,"Optimize for screen reader compatibility.",To Do,Medium,10h,"accessibility,frontend,screenreader","Add semantic HTML,Add ARIA live regions,Fix form labels,Add status announcements,Test with NVDA/VoiceOver,Fix issues found",2026-05-02,2026-04-28,Task
"[S16-007] Implement internationalization (i18n)",Sprint 16 - Mobile & Accessibility,"Add multi-language support infrastructure.",To Do,High,14h,"i18n,frontend,localization","Setup i18n library,Extract strings to files,Create Spanish translations,Create English translations,Add language switcher,Test translations",2026-05-02,2026-04-28,Task
"[S16-008] Implement RTL support preparation",Sprint 16 - Mobile & Accessibility,"Prepare CSS and layouts for right-to-left languages.",To Do,Low,6h,"i18n,frontend,rtl","Audit RTL compatibility,Add logical properties,Fix directional styles,Test with RTL locale,Document RTL guidelines",2026-05-02,2026-04-28,Task
"[S16-009] Create mobile-optimized employee portal",Sprint 16 - Mobile & Accessibility,"Optimize employee portal specifically for mobile usage.",To Do,High,12h,"mobile,frontend,portal","Redesign navigation,Optimize touch targets,Simplify forms,Add swipe gestures,Optimize load time,Test on mobile devices",2026-05-02,2026-04-28,Task
"[S16-010] Implement offline data sync",Sprint 16 - Mobile & Accessibility,"Enable offline capability with data synchronization.",To Do,Medium,10h,"mobile,offline,frontend","Setup IndexedDB storage,Add sync queue,Handle conflict resolution,Add sync status UI,Test offline scenarios,Add retry logic",2026-05-02,2026-04-28,Task
"[S17-001] Performance audit and baseline",Sprint 17 - Performance & Optimization,"Conduct comprehensive performance audit and establish baselines.",To Do,High,8h,"performance,audit,baseline","Run Lighthouse audit,Profile backend endpoints,Identify bottlenecks,Document baseline metrics,Create improvement plan,Setup monitoring",2026-05-09,2026-05-05,Task
"[S17-002] Implement database query optimization",Sprint 17 - Performance & Optimization,"Optimize slow queries, add missing indexes, fix N+1 issues.",To Do,High,16h,"performance,database,optimization","Identify slow queries,Add missing indexes,Fix N+1 queries,Add query caching,Optimize joins,Benchmark improvements",2026-05-09,2026-05-05,Task
"[S17-003] Implement API response caching",Sprint 17 - Performance & Optimization,"Add caching layer for frequently accessed, rarely changed data.",To Do,High,10h,"performance,caching,backend","Setup Redis cache,Identify cacheable endpoints,Add cache middleware,Implement invalidation,Add cache headers,Monitor hit rates",2026-05-09,2026-05-05,Task
"[S17-004] Implement frontend code splitting",Sprint 17 - Performance & Optimization,"Split bundles for better initial load performance.",To Do,High,8h,"performance,frontend,bundling","Analyze bundle size,Configure code splitting,Add dynamic imports,Optimize chunk sizes,Add preloading hints,Measure improvements",2026-05-09,2026-05-05,Task
"[S17-005] Implement image optimization",Sprint 17 - Performance & Optimization,"Optimize images with compression, lazy loading, and modern formats.",To Do,Medium,6h,"performance,frontend,images","Add image optimization,Configure lazy loading,Add WebP support,Add responsive images,Optimize announcement images,Measure improvements",2026-05-09,2026-05-05,Task
"[S17-006] Implement connection pooling",Sprint 17 - Performance & Optimization,"Configure database connection pooling for better resource utilization.",To Do,Medium,4h,"performance,database,connections","Configure pool size,Add connection timeout,Monitor pool usage,Add health checks,Document configuration",2026-05-09,2026-05-05,Task
"[S17-007] Implement pagination optimization",Sprint 17 - Performance & Optimization,"Optimize pagination with cursor-based approach where applicable.",To Do,Medium,8h,"performance,backend,pagination","Identify large datasets,Implement cursor pagination,Add efficient counting,Optimize offset queries,Update API clients,Document changes",2026-05-09,2026-05-05,Task
"[S17-008] Implement background job processing",Sprint 17 - Performance & Optimization,"Move heavy operations to background jobs for better UX.",To Do,High,12h,"performance,backend,jobs","Setup job queue,Move report generation,Move bulk operations,Move email sending,Add job monitoring,Add retry logic",2026-05-09,2026-05-05,Task
"[S17-009] Implement frontend state optimization",Sprint 17 - Performance & Optimization,"Optimize React state management to prevent unnecessary re-renders.",To Do,Medium,8h,"performance,frontend,react","Profile component renders,Add memoization,Optimize context usage,Split large contexts,Add React Query caching,Measure improvements",2026-05-09,2026-05-05,Task
"[S17-010] Setup performance monitoring",Sprint 17 - Performance & Optimization,"Implement APM for continuous performance monitoring.",To Do,Medium,8h,"performance,monitoring,infrastructure","Setup APM tool,Add backend tracing,Add frontend monitoring,Configure alerts,Create dashboards,Document metrics",2026-05-09,2026-05-05,Task
"[S18-001] Final security audit",Sprint 18 - Final QA & Launch Prep,"Conduct comprehensive security audit before production launch.",To Do,Urgent,16h,"security,audit,qa","Run OWASP ZAP scan,Penetration testing,Code security review,Dependency audit,Fix critical issues,Document findings",2026-05-16,2026-05-12,Task
"[S18-002] Load testing and capacity planning",Sprint 18 - Final QA & Launch Prep,"Conduct load testing to validate system capacity.",To Do,High,12h,"testing,load,qa","Setup load test environment,Create test scenarios,Run load tests,Identify bottlenecks,Fix issues found,Document capacity",2026-05-16,2026-05-12,Task
"[S18-003] User acceptance testing coordination",Sprint 18 - Final QA & Launch Prep,"Coordinate UAT with stakeholders for all modules.",To Do,High,20h,"testing,uat,qa","Create UAT test cases,Setup UAT environment,Coordinate with users,Track issues found,Fix critical issues,Get sign-off",2026-05-16,2026-05-12,Task
"[S18-004] Data migration validation",Sprint 18 - Final QA & Launch Prep,"Validate data migration scripts and procedures.",To Do,High,12h,"migration,data,qa","Review migration scripts,Test on sample data,Validate data integrity,Create rollback plan,Document procedures,Get approval",2026-05-16,2026-05-12,Task
"[S18-005] Production environment setup",Sprint 18 - Final QA & Launch Prep,"Configure production infrastructure and deployment pipeline.",To Do,High,16h,"infrastructure,devops,production","Setup production servers,Configure load balancer,Setup SSL certificates,Configure backups,Setup monitoring,Test failover",2026-05-16,2026-05-12,Task
"[S18-006] Create runbooks and documentation",Sprint 18 - Final QA & Launch Prep,"Create operational documentation and runbooks.",To Do,Medium,12h,"documentation,operations,production","Create deployment runbook,Create incident runbook,Create backup procedures,Create monitoring guide,Create troubleshooting guide,Review and approve",2026-05-16,2026-05-12,Task
"[S18-007] Create user documentation",Sprint 18 - Final QA & Launch Prep,"Create end-user documentation and help content.",To Do,Medium,16h,"documentation,user,help","Create admin user guide,Create employee user guide,Create HR user guide,Create video tutorials,Create FAQ,Review and publish",2026-05-16,2026-05-12,Task
"[S18-008] Training material creation",Sprint 18 - Final QA & Launch Prep,"Create training materials for system rollout.",To Do,Medium,12h,"training,documentation,rollout","Create admin training,Create HR training,Create employee training,Create quick reference cards,Create training schedule,Conduct pilot training",2026-05-16,2026-05-12,Task
"[S18-009] Go-live checklist and rehearsal",Sprint 18 - Final QA & Launch Prep,"Create go-live checklist and conduct deployment rehearsal.",To Do,High,8h,"deployment,rehearsal,production","Create go-live checklist,Conduct deployment rehearsal,Verify rollback procedures,Test monitoring alerts,Confirm support coverage,Get final approval",2026-05-16,2026-05-12,Task
"[S18-010] Production deployment and monitoring",Sprint 18 - Final QA & Launch Prep,"Execute production deployment with careful monitoring.",To Do,Urgent,8h,"deployment,production,launch","Execute deployment,Monitor system health,Verify all services,Validate integrations,Support initial users,Document any issues",2026-05-16,2026-05-12,Task
